{
	"info": {
		"_postman_id": "cdac7204-42cc-41c4-b8f9-fd6434214923",
		"name": "Ads Manager",
		"schema": "https://schema.getpostman.com/json/collection/v2.1.0/collection.json",
		"_exporter_id": "16112283"
	},
	"item": [
		{
			"name": "register",
			"request": {
				"method": "POST",
				"header": [
					{
						"key": "Accept",
						"value": "application/json",
						"type": "text"
					},
					{
						"key": "X-XSRF-TOKEN",
						"value": "{{xsrf-token}}",
						"type": "text"
					}
				],
				"body": {
					"mode": "formdata",
					"formdata": [
						{
							"key": "name",
							"value": "sadek",
							"type": "text"
						},
						{
							"key": "email",
							"value": "sadek@gmail.com",
							"type": "text"
						},
						{
							"key": "password",
							"value": "12345678",
							"type": "text"
						},
						{
							"key": "password_confirmation",
							"value": "12345678",
							"type": "text"
						}
					]
				},
				"url": {
					"raw": "{{base_url}}/register",
					"host": [
						"{{base_url}}"
					],
					"path": [
						"register"
					]
				}
			},
			"response": []
		},
		{
			"name": "login",
			"request": {
				"method": "POST",
				"header": [],
				"body": {
					"mode": "formdata",
					"formdata": [
						{
							"key": "email",
							"value": "sadek@gmail.com",
							"type": "text"
						},
						{
							"key": "password",
							"value": "12345678",
							"type": "text"
						}
					]
				},
				"url": {
					"raw": "{{base_url}}/login",
					"host": [
						"{{base_url}}"
					],
					"path": [
						"login"
					]
				}
			},
			"response": []
		},
		{
			"name": "add post",
			"request": {
				"auth": {
					"type": "noauth"
				},
				"method": "POST",
				"header": [],
				"body": {
					"mode": "formdata",
					"formdata": [
						{
							"key": "title",
							"value": "test",
							"type": "text"
						},
						{
							"key": "description",
							"value": "hdjhjdhfk odldkdkd",
							"type": "text"
						},
						{
							"key": "contact_phone",
							"value": "01271345139",
							"type": "text"
						}
					]
				},
				"url": {
					"raw": "{{base_url}}/posts",
					"host": [
						"{{base_url}}"
					],
					"path": [
						"posts"
					]
				}
			},
			"response": []
		},
		{
			"name": "show post",
			"request": {
				"auth": {
					"type": "bearer",
					"bearer": [
						{
							"key": "token",
							"value": "17|jpU5Tc512WE1sfgDjqMItSZSYHxW9sWHUBuxr8yN63777fd7",
							"type": "string"
						}
					]
				},
				"method": "GET",
				"header": [
					{
						"key": "Accept",
						"value": "application/json",
						"type": "text"
					}
				],
				"url": {
					"raw": "{{base_url}}/posts/9cfed2c2-3339-4972-9bab-8c360367e369",
					"host": [
						"{{base_url}}"
					],
					"path": [
						"posts",
						"9cfed2c2-3339-4972-9bab-8c360367e369"
					]
				}
			},
			"response": []
		},
		{
			"name": "posts list",
			"request": {
				"auth": {
					"type": "noauth"
				},
				"method": "GET",
				"header": [
					{
						"key": "Accept",
						"value": "application/json",
						"type": "text"
					}
				],
				"url": {
					"raw": "{{base_url}}/posts",
					"host": [
						"{{base_url}}"
					],
					"path": [
						"posts"
					]
				}
			},
			"response": []
		},
		{
			"name": "upload image",
			"request": {
				"auth": {
					"type": "bearer",
					"bearer": [
						{
							"key": "token",
							"value": "12|j39D5mK12WMf7xdO5VXPpnjaxCeTdOiR28YTWxaQd6e0cf09",
							"type": "string"
						}
					]
				},
				"method": "POST",
				"header": [
					{
						"key": "Accept",
						"value": "application/json",
						"type": "text"
					}
				],
				"body": {
					"mode": "formdata",
					"formdata": [
						{
							"key": "image",
							"type": "file",
							"src": "/C:/Users/Ahmed Sadek/Downloads/88940b58-a4f6-4e48-b7ed-9dcc33a28fa9.png"
						}
					]
				},
				"url": {
					"raw": "{{base_url}}/posts/9cfed2c2-3339-4972-9bab-8c360367e369/image",
					"host": [
						"{{base_url}}"
					],
					"path": [
						"posts",
						"9cfed2c2-3339-4972-9bab-8c360367e369",
						"image"
					],
					"query": [
						{
							"key": "image",
							"value": null,
							"disabled": true
						}
					]
				}
			},
			"response": []
		}
	],
	"event": [
		{
			"listen": "prerequest",
			"script": {
				"type": "text/javascript",
				"packages": {},
				"exec": [
					""
				]
			}
		},
		{
			"listen": "test",
			"script": {
				"type": "text/javascript",
				"packages": {},
				"exec": [
					""
				]
			}
		}
	],
	"variable": [
		{
			"key": "base_url",
			"value": "http://127.0.0.1:8000/api",
			"type": "string"
		},
		{
			"key": "token",
			"value": "",
			"type": "string"
		}
	]
}